{
    "type": "database",
    "name": "CoWorkerPropertiesListings",
    "objects": [
        {
            "type": "table",
            "database": null,
            "name": "CoWorker_Properties",
            "withoutRowId": true,
            "ddl": "CREATE TABLE CoWorker_Properties (ID INTEGER PRIMARY KEY NOT NULL, \"LandLord Name\" CHAR(100) NOT NULL, \"Contact Phone\" NUMERIC NOT NULL, Location INTEGER UNIQUE NOT NULL, \"Available (Y\/N)\" BOOLEAN NOT NULL)",
            "columns": [
                {
                    "name": "ID",
                    "type": "INTEGER",
                    "constraints": [
                        {
                            "type": "PRIMARY KEY",
                            "definition": "PRIMARY KEY "
                        },
                        {
                            "type": "NOT NULL",
                            "definition": "NOT NULL"
                        }
                    ]
                },
                {
                    "name": "LandLord Name",
                    "type": "CHAR",
                    "constraints": [
                        {
                            "type": "NOT NULL",
                            "definition": "NOT NULL"
                        }
                    ]
                },
                {
                    "name": "Contact Phone",
                    "type": "NUMERIC",
                    "constraints": [
                        {
                            "type": "NOT NULL",
                            "definition": "NOT NULL"
                        }
                    ]
                },
                {
                    "name": "Location",
                    "type": "INTEGER",
                    "constraints": [
                        {
                            "type": "UNIQUE",
                            "definition": "UNIQUE "
                        },
                        {
                            "type": "NOT NULL",
                            "definition": "NOT NULL"
                        }
                    ]
                },
                {
                    "name": "Available (Y\/N)",
                    "type": "BOOLEAN",
                    "constraints": [
                        {
                            "type": "NOT NULL",
                            "definition": "NOT NULL"
                        }
                    ]
                }
            ],
            "rows": [
                [
                    1000,
                    "Energy Research",
                    4039990011,
                    "6B Northland Drive NE",
                    "No"
                ]
            ]
        }
    ]
}